{
  "plew": {
    "Frequency": {
      "Start": 1093.609156683272,
      "Min": 645.0960333186325,
      "Slide": -0.8188853431462039
    },
    "Generator": {
      "Func": "sine",
      "A": 0.04430911599003595,
      "ASlide": 0.041602917158264766
    },
    "Filter": {
      "HP": 0.15915734680826446
    },
    "Phaser": {
      "Offset": 0.06258189751576655,
      "Sweep": 0.09296419821948745
    },
    "Volume": {
      "Sustain": 0.1392186865603003,
      "Decay": 0.1345550122230426
    }
  },

  "bass": {
    "Frequency": {
      "Start": 546.9676465714656,
      "Min": 110,
      "Slide": -0.9648742400761143
    },
    "Generator": {
      "Func": "sine",
      "A": 0.4285062488687762,
      "ASlide": 0.6686041137943391
    },
    "Filter": {
      "HP": 0.2144238652393894
    },
    "Phaser": {
      "Offset": 0.10109079879167622,
      "Sweep": 0.17954825421963996
    },
    "Volume": {
      "Sustain": 0,
      "Decay": 0.721,
      "Punch": 0.031077934317191167
    }
  },

  "open hat": {
    "Frequency": {
      "Start": 746.7508413439836,
      "Slide": -0.686992140128613
    },
    "Generator": {
      "Func": "noise",
      "A": 0.15669210515764512,
      "ASlide": -0.3417137977387541
    },
    "Filter": {
      "HP": 0.1186141707629512
    },
    "Volume": {
      "Sustain": 0.08026184494766686,
      "Decay": 0.26183979568118265
    }
  }
}
